timestamp,roll,pitch,yaw,heartRate,spo2
0.0000,0.0000,0.0000,0.0000,0.0000,0.0000
0.1821,0.0000,0.0000,0.0000,0.0000,0.0000
0.4054,0.0000,0.0000,0.0000,0.0000,0.0000
0.5537,0.0000,0.0000,0.0000,0.0000,0.0000
0.7821,0.0000,0.0000,0.0000,0.0000,0.0000
0.9613,0.0000,0.0000,0.0000,0.0000,0.0000
1.4713,0.0000,0.0000,0.0000,0.0000,0.0000
2.0710,0.0000,0.0000,0.0000,0.0000,0.0000
2.6726,0.0000,0.0000,0.0000,0.0000,0.0000
3.2714,0.0000,0.0000,0.0000,0.0000,0.0000
3.8723,0.0000,0.0000,0.0000,0.0000,0.0000
4.4717,0.0000,0.5007,0.5226,0.0000,0.0000
5.0703,0.4990,0.5011,0.5304,0.0000,0.0000
5.6696,0.4981,0.4996,0.5341,0.0000,0.0000
6.2705,0.4981,0.4996,0.5341,0.0000,0.0000
6.8696,0.4981,0.4996,0.5341,0.0000,0.0000
7.4700,0.4981,0.4996,0.5341,0.0000,0.0000
8.0734,0.4981,0.4996,0.5341,0.0000,0.0000
8.6692,0.4981,0.4996,0.5341,0.0000,0.0000
9.2703,0.4981,0.4996,0.5341,0.0000,0.0000
9.8697,0.4981,0.4996,0.5341,0.0000,0.0000
10.4695,0.4981,0.4996,0.5341,0.0000,0.0000
11.0702,0.4981,0.4996,0.5341,0.0000,0.0000
11.6693,0.4981,0.4996,0.5341,0.0000,0.0000
12.2688,0.4981,0.4996,0.5341,0.0000,0.0000
12.8710,0.4979,0.4986,0.5568,0.0000,0.0000
13.4697,0.4996,0.4987,0.5687,0.0000,0.0000
14.0728,0.5011,0.5012,0.5891,0.0000,0.0000
14.6731,0.5024,0.5012,0.5891,0.0000,0.0000
15.2698,0.5024,0.5012,0.5891,0.0000,0.0000
15.8713,0.5024,0.5163,0.6154,0.0000,0.0000
16.4730,0.4991,0.5197,0.6693,0.0000,0.0000
17.0719,0.4689,0.4968,0.7059,0.0000,0.0000
17.6727,0.4169,0.5046,0.7260,0.0000,0.0000
18.2724,0.4055,0.5109,0.7384,0.0000,0.0000
18.8718,0.3635,0.5442,0.7441,0.0000,0.0000
19.4712,0.3645,0.5603,0.7463,0.0000,0.0000
20.0719,0.3226,0.5579,0.7527,0.0000,0.0000
20.6691,0.3761,0.5740,0.7518,0.0000,0.0000
