roll,pitch,yaw,heartRate,spo2
0.0000,0.0000,0.0000,0.0000,0.0000
0.0000,0.0000,0.0000,0.0000,0.0000
0.0000,0.4999,0.5030,0.0000,0.0000
0.4999,0.4999,0.5030,0.0000,0.0000
0.4999,0.4985,0.5378,0.0000,0.0000
0.5028,0.4995,0.5438,0.0000,0.0000
0.5028,0.4994,0.5491,0.0000,0.0000
0.5071,0.4995,0.5580,0.0000,0.0000
0.5254,0.4993,0.5254,0.0000,0.0000
0.5467,0.5009,0.5010,0.0000,0.0000
0.5525,0.5038,0.4902,0.0000,0.0000
0.5475,0.5044,0.4852,0.0000,0.0000
0.5403,0.5014,0.4860,0.0000,0.0000
0.5228,0.4718,0.4592,0.0000,0.0000
0.4891,0.4571,0.4271,0.0000,0.0000
0.4586,0.4271,0.4100,0.0000,0.0000
0.4549,0.4079,0.4235,0.0000,0.0000
0.4605,0.4222,0.4630,0.0000,0.0000
0.4605,0.4058,0.4334,0.0000,0.0000
0.4552,0.4056,0.4295,0.0000,0.0000
0.4552,0.4056,0.4295,0.0000,0.0000
0.4556,0.4054,0.4210,0.0000,0.0000
0.4556,0.4054,0.4210,0.0000,0.0000
0.4564,0.4072,0.3858,0.0000,0.0000
0.4106,0.3977,0.3484,0.0000,0.0000
0.3724,0.3974,0.3146,0.0000,0.0000
0.3523,0.3850,0.2957,0.0000,0.0000
0.3495,0.3870,0.3149,0.0000,0.0000
0.3446,0.3935,0.3212,0.0000,0.0000
0.3718,0.4281,0.3792,0.0000,0.0000
0.3909,0.4420,0.4196,0.0000,0.0000
0.4033,0.4465,0.4381,0.0000,0.0000
0.4033,0.4465,0.4381,0.0000,0.0000
0.4033,0.4465,0.4381,0.0000,0.0000
0.4033,0.4465,0.4381,0.0000,0.0000
0.4033,0.4465,0.4381,0.0000,0.0000
0.4049,0.4475,0.4451,0.0000,0.0000
0.4049,0.4475,0.4451,0.0000,0.0000
0.4063,0.4485,0.4522,0.0000,0.0000
0.4063,0.4485,0.4522,0.0000,0.0000
0.4063,0.4485,0.4522,0.0000,0.0000
0.4063,0.4485,0.4522,0.0000,0.0000
0.4063,0.4494,0.4593,0.0000,0.0000
0.4087,0.4504,0.4662,0.0000,0.0000
0.4087,0.4504,0.4662,0.0000,0.0000
0.4087,0.4504,0.4662,0.0000,0.0000
0.4087,0.4504,0.4662,0.0000,0.0000
0.4087,0.4504,0.4662,0.0000,0.0000
0.4087,0.4504,0.4662,0.0000,0.0000
0.4087,0.4504,0.4662,0.0000,0.0000
0.4087,0.4504,0.4662,0.0000,0.0000
0.4087,0.4504,0.4662,0.0000,0.0000
0.4087,0.4504,0.4662,0.0000,0.0000
0.4087,0.4504,0.4662,0.0000,0.0000
0.4087,0.4504,0.4662,0.0000,0.0000
0.4087,0.4504,0.4662,0.0000,0.0000
0.4087,0.4504,0.4662,0.0000,0.0000
0.4087,0.4504,0.4662,0.0000,0.0000
0.4087,0.4504,0.4662,0.0000,0.0000
0.4087,0.4504,0.4662,0.0000,0.0000
0.4087,0.4504,0.4662,0.0000,0.0000
0.4087,0.4504,0.4662,0.0000,0.0000
0.4087,0.4504,0.4662,0.0000,0.0000
0.4087,0.4504,0.4662,0.0000,0.0000
0.4087,0.4504,0.4662,0.0000,0.0000
0.4087,0.4504,0.4662,0.0000,0.0000
0.4087,0.4504,0.4662,0.0000,0.0000
0.4087,0.4504,0.4662,0.0000,0.0000
0.4087,0.4504,0.4662,0.0000,0.0000
0.4087,0.4504,0.4662,0.0000,0.0000
0.4087,0.4504,0.4662,0.0000,0.0000
0.4087,0.4504,0.4662,0.0000,0.0000
0.4087,0.4504,0.4662,0.0000,0.0000
0.4087,0.4504,0.4662,0.0000,0.0000
0.4087,0.4504,0.4662,0.0000,0.0000
0.4087,0.4504,0.4662,0.0000,0.0000
0.4087,0.4504,0.4662,0.0000,0.0000
0.4087,0.4504,0.4662,0.0000,0.0000
0.4087,0.4504,0.4662,0.0000,0.0000
0.4087,0.4504,0.4662,0.0000,0.0000
0.4087,0.4504,0.4662,0.0000,0.0000
0.4087,0.4504,0.4662,0.0000,0.0000
0.4087,0.4504,0.4662,0.0000,0.0000
0.4087,0.4504,0.4662,0.0000,0.0000
0.4087,0.4504,0.4662,0.0000,0.0000
0.4087,0.4504,0.4662,0.0000,0.0000
0.4087,0.4504,0.4662,0.0000,0.0000
0.4087,0.4504,0.4662,0.0000,0.0000
0.4087,0.4504,0.4662,0.0000,0.0000
0.4087,0.4504,0.4662,0.0000,0.0000
0.4087,0.4504,0.4662,0.0000,0.0000
0.4087,0.4504,0.4662,0.0000,0.0000
0.4087,0.4504,0.4662,0.0000,0.0000
0.4087,0.4504,0.4662,0.0000,0.0000
0.4087,0.4504,0.4662,0.0000,0.0000
0.4087,0.4504,0.4662,0.0000,0.0000
0.4087,0.4504,0.4662,0.0000,0.0000
0.4087,0.4504,0.4662,0.0000,0.0000
0.4087,0.4504,0.4662,0.0000,0.0000
0.4087,0.4504,0.4662,0.0000,0.0000
0.4087,0.4504,0.4662,0.0000,0.0000
0.4087,0.4504,0.4662,0.0000,0.0000
0.4087,0.4504,0.4662,0.0000,0.0000
0.4087,0.4504,0.4662,0.0000,0.0000
0.4087,0.4504,0.4662,0.0000,0.0000
0.4087,0.4504,0.4662,0.0000,0.0000
0.4087,0.4504,0.4662,0.0000,0.0000
0.4087,0.4504,0.4662,0.0000,0.0000
0.4087,0.4504,0.4662,0.0000,0.0000
0.4087,0.4504,0.4662,0.0000,0.0000
0.4087,0.4504,0.4662,0.0000,0.0000
0.4087,0.4504,0.4662,0.0000,0.0000
0.4087,0.4504,0.4662,0.0000,0.0000
0.4087,0.4504,0.4662,0.0000,0.0000
0.4087,0.4504,0.4662,0.0000,0.0000
0.4087,0.4504,0.4662,0.0000,0.0000
0.4087,0.4504,0.4662,0.0000,0.0000
0.4087,0.4504,0.4662,0.0000,0.0000
0.4087,0.4504,0.4662,0.0000,0.0000
0.4087,0.4504,0.4662,0.0000,0.0000
0.4087,0.4504,0.4662,0.0000,0.0000
0.4087,0.4504,0.4662,0.0000,0.0000
0.4087,0.4504,0.4662,0.0000,0.0000
0.4087,0.4504,0.4662,0.0000,0.0000
0.4087,0.4504,0.4662,0.0000,0.0000
0.4087,0.4504,0.4662,0.0000,0.0000
0.4087,0.4504,0.4662,0.0000,0.0000
0.4087,0.4504,0.4662,0.0000,0.0000
0.4087,0.4504,0.4662,0.0000,0.0000
0.4087,0.4504,0.4662,0.0000,0.0000
0.4087,0.4504,0.4662,0.0000,0.0000
0.4087,0.4504,0.4662,0.0000,0.0000
0.4087,0.4504,0.4662,0.0000,0.0000
0.4087,0.4504,0.4662,0.0000,0.0000
0.4087,0.4504,0.4662,0.0000,0.0000
0.4098,0.4513,0.4730,0.0000,0.0000
0.4098,0.4513,0.4730,0.0000,0.0000
0.4098,0.4513,0.4730,0.0000,0.0000
0.4098,0.4513,0.4796,0.0000,0.0000
0.4110,0.4522,0.4796,0.0000,0.0000
0.4110,0.4522,0.4796,0.0000,0.0000
0.4110,0.4522,0.4796,0.0000,0.0000
0.4110,0.4522,0.4796,0.0000,0.0000
0.4110,0.4522,0.4796,0.0000,0.0000
0.4110,0.4522,0.4796,0.0000,0.0000
0.4110,0.4522,0.4796,0.0000,0.0000
0.4110,0.4522,0.4796,0.0000,0.0000
0.4110,0.4522,0.4796,0.0000,0.0000
0.4110,0.4522,0.4796,0.0000,0.0000
0.4110,0.4522,0.4796,0.0000,0.0000
0.4110,0.4522,0.4796,0.0000,0.0000
0.4110,0.4522,0.4796,0.0000,0.0000
0.4110,0.4522,0.4796,0.0000,0.0000
0.4110,0.4522,0.4796,0.0000,0.0000
0.4110,0.4522,0.4796,0.0000,0.0000
0.4110,0.4522,0.4796,0.0000,0.0000
0.4110,0.4522,0.4796,0.0000,0.0000
0.4110,0.4522,0.4796,0.0000,0.0000
0.4110,0.4522,0.4796,0.0000,0.0000
0.4110,0.4522,0.4796,0.0000,0.0000
0.4110,0.4522,0.4796,0.0000,0.0000
0.4110,0.4522,0.4796,0.0000,0.0000
0.4110,0.4522,0.4796,0.0000,0.0000
0.4110,0.4539,0.4981,0.0000,0.0000
0.4168,0.4562,0.5154,0.0000,0.0000
0.4179,0.4570,0.5154,0.0000,0.0000
0.4179,0.4570,0.5154,0.0000,0.0000
0.4179,0.4570,0.5154,0.0000,0.0000
0.4179,0.4570,0.5154,0.0000,0.0000
0.4179,0.4570,0.5154,0.0000,0.0000
0.4179,0.4570,0.5154,0.0000,0.0000
0.4179,0.4570,0.5154,0.0000,0.0000
0.4179,0.4570,0.5154,0.0000,0.0000
0.4179,0.4570,0.5154,0.0000,0.0000
0.4179,0.4570,0.5154,0.0000,0.0000
0.4179,0.4570,0.5154,0.0000,0.0000
0.4179,0.4570,0.5154,0.0000,0.0000
0.4179,0.4570,0.5154,0.0000,0.0000
0.4179,0.4570,0.5154,0.0000,0.0000
0.4179,0.4570,0.5154,0.0000,0.0000
0.4179,0.4570,0.5154,0.0000,0.0000
0.4179,0.4570,0.5154,0.0000,0.0000
0.4179,0.4570,0.5154,0.0000,0.0000
0.4179,0.4570,0.5154,0.0000,0.0000
0.4179,0.4570,0.5154,0.0000,0.0000
0.4179,0.4570,0.5154,0.0000,0.0000
0.4179,0.4570,0.5154,0.0000,0.0000
0.4179,0.4570,0.5154,0.0000,0.0000
0.4179,0.4585,0.5263,0.0000,0.0000
