timestamp,roll,pitch,yaw,heartRate,spo2,roll_velocity,pitch_velocity,yaw_velocity,roll_acceleration,pitch_acceleration,yaw_acceleration,peak_count
0.0001,0.5008,0.5017,0.5633,0.0000,0.0000,0.0000,0.0000,0.0000,0.0000,0.0000,0.0000,0
0.1949,0.5008,0.5019,0.5661,0.0000,0.0000,0.0037,0.0166,0.2796,0.3695,1.6552,27.9558,0
0.4228,0.5009,0.5020,0.5688,0.0000,0.0000,0.0072,0.0087,0.2717,0.3541,-0.7874,-0.7850,0
0.5855,0.5009,0.5020,0.5715,0.0000,0.0000,0.0000,0.0000,0.2686,-0.7236,-0.8678,-0.3093,1
0.7936,0.5009,0.5021,0.5741,0.0000,0.0000,0.0035,0.0161,0.2622,0.3457,1.6129,-0.6407,1
1.2291,0.5012,0.5026,0.5935,0.0000,0.0000,0.0219,0.0463,1.9375,1.8466,3.0196,167.5272,1
1.8297,0.5013,0.5031,0.6041,0.0000,0.0000,0.0171,0.0516,1.0580,-0.4846,0.5311,-87.9490,2
2.4317,0.5015,0.5034,0.6135,0.0000,0.0000,0.0138,0.0342,0.9425,-0.3242,-1.7399,-11.5442,2
3.0905,0.5022,0.5030,0.6367,0.0000,0.0000,0.0732,-0.0469,2.3247,5.9360,-8.1098,138.2148,2
3.7521,0.5015,0.4798,0.6417,0.0000,0.0000,-0.0693,-2.3210,0.4933,-14.2473,-227.4147,-183.1442,3
4.4695,0.4983,0.4726,0.6524,0.0000,0.0000,-0.3251,-0.7140,1.0756,-25.5799,160.7010,58.2397,3
5.0687,0.4991,0.4449,0.6512,0.0000,0.0000,0.0824,-2.7716,-0.1197,40.7445,-205.7624,-119.5318,3
5.7898,0.5398,0.4624,0.6527,0.0000,0.0000,4.0763,1.7470,0.1464,399.3922,451.8655,26.6039,3
6.3889,0.5357,0.4431,0.6515,0.0000,0.0000,-0.4177,-1.9259,-0.1214,-449.4018,-367.2975,-26.7810,4
7.0506,0.5099,0.4644,0.6592,0.0000,0.0000,-2.5773,2.1322,0.7742,-215.9572,405.8191,89.5613,4
7.7694,0.5110,0.4355,0.6622,0.0000,0.0000,0.1104,-2.8888,0.2946,268.7746,-502.1006,-47.9555,4
8.3724,0.4383,0.4506,0.6617,0.0000,0.0000,-7.2688,1.5099,-0.0433,-737.9204,439.8629,-33.7881,5
9.0886,0.4459,0.4340,0.6555,0.0000,0.0000,0.7555,-1.6611,-0.6194,802.4249,-317.0958,-57.6156,5
9.8084,0.4555,0.4847,0.6490,0.0000,0.0000,0.9677,5.0662,-0.6530,21.2246,672.7263,-3.3545,5
10.4099,0.4716,0.4538,0.6452,0.0000,0.0000,1.6054,-3.0855,-0.3786,63.7674,-815.1638,27.4330,5
11.0705,0.5094,0.4602,0.6430,0.0000,0.0000,3.7760,0.6363,-0.2199,217.0575,372.1800,15.8769,5
11.7300,0.5065,0.4253,0.6341,0.0000,0.0000,-0.2830,-3.4956,-0.8899,-405.8978,-413.1895,-67.0081,6
12.3291,0.5571,0.4149,0.6255,0.0000,0.0000,5.0589,-1.0324,-0.8619,534.1846,246.3114,2.8092,6
12.9297,0.5581,0.3869,0.6348,0.0000,0.0000,0.0976,-2.7995,0.9350,-496.1211,-176.7030,179.6818,7
13.5886,0.4953,0.3600,0.6302,0.0000,0.0000,-6.2807,-2.6971,-0.4664,-637.8356,10.2410,-140.1353,7
14.1886,0.4708,0.3505,0.6377,0.0000,0.0000,-2.4442,-0.9497,0.7518,383.6494,174.7411,121.8188,7
14.9097,0.4559,0.3252,0.6342,0.0000,0.0000,-1.4906,-2.5227,-0.3456,95.3633,-157.3083,-109.7351,7
15.5118,0.4649,0.3502,0.6401,0.0000,0.0000,0.8964,2.4922,0.5880,238.6937,501.4977,93.3516,7
16.1101,0.5110,0.3418,0.6390,0.0000,0.0000,4.6074,-0.8349,-0.1159,371.1060,-332.7101,-70.3835,7
16.7109,0.5169,0.3744,0.6427,0.0000,0.0000,0.5931,3.2604,0.3702,-401.4269,409.5298,48.6088,8
17.3687,0.5500,0.3867,0.6432,0.0000,0.0000,3.3138,1.2324,0.0568,272.0678,-202.8039,-31.3419,8
18.0330,0.5553,0.4102,0.6449,0.0000,0.0000,0.5251,2.3507,0.1633,-278.8758,111.8290,10.6514,9
18.6893,0.5784,0.4033,0.6430,0.0000,0.0000,2.3146,-0.6909,-0.1914,178.9492,-304.1613,-35.4755,9
19.3534,0.5764,0.4131,0.6465,0.0000,0.0000,-0.2024,0.9791,0.3552,-251.6949,167.0006,54.6640,10
19.9516,0.6037,0.4001,0.6398,0.0000,0.0000,2.7275,-1.3004,-0.6741,292.9914,-227.9466,-102.9253,10
20.6719,0.5870,0.4155,0.6365,0.0000,0.0000,-1.6698,1.5370,-0.3222,-439.7363,283.7414,35.1828,11
21.3330,0.6267,0.4069,0.6266,0.0000,0.0000,3.9684,-0.8604,-0.9985,563.8212,-239.7403,-67.6304,11
21.9317,0.6291,0.4428,0.6263,0.0000,0.0000,0.2474,3.5893,-0.0235,-372.0999,444.9627,97.5013,12
22.5307,0.6059,0.4536,0.6261,0.0000,0.0000,-2.3273,1.0772,-0.0225,-257.4718,-251.2097,0.1055,12
23.1326,0.5947,0.4597,0.6265,0.0000,0.0000,-1.1195,0.6156,0.0384,120.7882,-46.1581,6.0868,12
23.7320,0.5866,0.4655,0.6266,0.0000,0.0000,-0.8064,0.5823,0.0135,31.3109,-3.3262,-2.4885,12
24.3295,0.5741,0.4700,0.6268,0.0000,0.0000,-1.2484,0.4455,0.0154,-44.2010,-13.6778,0.1884,13
24.9304,0.5694,0.4723,0.6267,0.0000,0.0000,-0.4745,0.2264,-0.0092,77.3871,-21.9184,-2.4593,13
25.5296,0.5631,0.4755,0.6263,0.0000,0.0000,-0.6309,0.3264,-0.0344,-15.6367,10.0049,-2.5231,14
26.1282,0.5558,0.4800,0.6266,0.0000,0.0000,-0.7319,0.4477,0.0225,-10.1048,12.1295,5.6964,14
26.7924,0.5486,0.4834,0.6286,0.0000,0.0000,-0.7194,0.3389,0.2006,1.2505,-10.8823,17.8075,14
27.5124,0.5469,0.4845,0.6389,0.0000,0.0000,-0.1673,0.1067,1.0331,55.2070,-23.2130,83.2474,14
28.1086,0.5398,0.4811,0.6235,0.0000,0.0000,-0.7081,-0.3315,-1.5358,-54.0727,-43.8204,-256.8859,15
28.7107,0.5340,0.4775,0.5786,0.0000,0.0000,-0.5831,-0.3625,-4.4958,12.4967,-3.1087,-296.0015,15
29.3722,0.5338,0.4754,0.5851,0.0000,0.0000,-0.0168,-0.2108,0.6476,56.6298,15.1709,514.3422,15
30.0887,0.5300,0.4736,0.5585,0.0000,0.0000,-0.3842,-0.1796,-2.6562,-36.7409,3.1269,-330.3838,16
30.6933,0.5325,0.4764,0.5475,0.0000,0.0000,0.2515,0.2762,-1.1043,63.5666,45.5767,155.1914,16
31.2891,0.5293,0.4719,0.5572,0.0000,0.0000,-0.3147,-0.4498,0.9705,-56.6202,-72.5999,207.4820,17
31.9489,0.5234,0.4659,0.5252,0.0000,0.0000,-0.5930,-0.5957,-3.1917,-27.8246,-14.5930,-416.2204,17
32.6717,0.5245,0.4649,0.5268,0.0000,0.0000,0.1105,-0.0993,0.1565,70.3508,49.6405,334.8190,17
33.2727,0.5237,0.4635,0.5165,0.0000,0.0000,-0.0831,-0.1460,-1.0316,-19.3614,-4.6676,-118.8141,18
33.8719,0.5244,0.4597,0.4977,0.0000,0.0000,0.0758,-0.3732,-1.8791,15.8918,-22.7171,-84.7450,18
34.4700,0.5270,0.4560,0.5046,0.0000,0.0000,0.2601,-0.3714,0.6921,18.4274,0.1740,257.1148,18
35.0727,0.5277,0.4535,0.4902,0.0000,0.0000,0.0616,-0.2474,-1.4408,-19.8513,12.4002,-213.2848,19
35.7291,0.5312,0.4520,0.4845,0.0000,0.0000,0.3501,-0.1532,-0.5670,28.8510,9.4262,87.3753,19
36.3314,0.5313,0.4500,0.4844,0.0000,0.0000,0.0145,-0.2021,-0.0168,-33.5628,-4.8956,55.0219,20
36.9317,0.5303,0.4445,0.4697,0.0000,0.0000,-0.1027,-0.5451,-1.4704,-11.7165,-34.2923,-145.3614,20
37.5320,0.5381,0.4419,0.4797,0.0000,0.0000,0.7806,-0.2629,1.0057,88.3293,28.2148,247.6156,20
38.1909,0.5332,0.4323,0.4546,0.0000,0.0000,-0.4897,-0.9570,-2.5132,-127.0336,-69.4114,-351.8969,21
38.7879,0.5367,0.4305,0.4629,0.0000,0.0000,0.3522,-0.1804,0.8280,84.1904,77.6649,334.1260,21
39.3905,0.5389,0.4277,0.4536,0.0000,0.0000,0.2233,-0.2836,-0.9282,-12.8835,-10.3197,-175.6215,22
39.9925,0.5424,0.4227,0.4701,0.0000,0.0000,0.3490,-0.5036,1.6516,12.5688,-22.0001,257.9737,22
40.5931,0.5387,0.4179,0.4875,0.0000,0.0000,-0.3740,-0.4766,1.7386,-72.3064,2.6998,8.7053,23
41.1905,0.5327,0.4167,0.4860,0.0000,0.0000,-0.5960,-0.1244,-0.1467,-22.1926,35.2204,-188.5265,23
41.7886,0.5289,0.4120,0.5029,0.0000,0.0000,-0.3788,-0.4612,1.6828,21.7134,-33.6844,182.9442,23
42.3933,0.5274,0.4118,0.4951,0.0000,0.0000,-0.1561,-0.0282,-0.7793,22.2784,43.3043,-246.2095,23
42.9908,0.5264,0.4098,0.5002,0.0000,0.0000,-0.1025,-0.1967,0.5172,5.3561,-16.8571,129.6526,23
43.6530,0.5220,0.4074,0.4874,0.0000,0.0000,-0.4336,-0.2406,-1.2887,-33.1146,-4.3857,-180.5928,24
44.2510,0.5217,0.4052,0.5087,0.0000,0.0000,-0.0284,-0.2171,2.1372,40.5216,2.3523,342.5920,24
44.9109,0.5173,0.4020,0.5737,0.0000,0.0000,-0.4477,-0.3244,6.4996,-41.9283,-10.7324,436.2401,25
45.5107,0.5046,0.4004,0.5662,0.0000,0.0000,-1.2632,-0.1578,-0.7491,-81.5499,16.6565,-724.8730,25
46.1119,0.5042,0.3999,0.5641,0.0000,0.0000,-0.0396,-0.0474,-0.2174,122.3642,11.0430,53.1721,25
46.8301,0.4966,0.3969,0.5561,0.0000,0.0000,-0.7654,-0.2988,-0.7975,-72.5830,-25.1421,-58.0132,26
47.4285,0.4966,0.3957,0.5470,0.0000,0.0000,0.0000,-0.1230,-0.9088,76.5395,17.5798,-11.1276,26
48.0345,0.4776,0.3935,0.4915,0.0000,0.0000,-1.9010,-0.2194,-5.5507,-190.0968,-9.6351,-464.1864,27
48.6326,0.4710,0.3984,0.4493,0.0000,0.0000,-0.6576,0.4919,-4.2191,124.3332,71.1262,133.1586,27
49.2312,0.4783,0.4007,0.4618,0.0000,0.0000,0.7362,0.2315,1.2528,139.3795,-26.0353,547.1906,27
49.8314,0.4700,0.3995,0.4318,0.0000,0.0000,-0.8302,-0.1240,-2.9990,-156.6344,-35.5548,-425.1784,28
50.4309,0.4808,0.3988,0.4444,0.0000,0.0000,1.0762,-0.0652,1.2598,190.6422,5.8815,425.8746,28
51.0286,0.4847,0.3972,0.4555,0.0000,0.0000,0.3905,-0.1617,1.1107,-68.5760,-9.6479,-14.9131,29
51.6296,0.4810,0.3990,0.4428,0.0000,0.0000,-0.3735,0.1794,-1.2753,-76.3974,34.1108,-238.5932,29
52.2292,0.4869,0.4071,0.4502,0.0000,0.0000,0.5949,0.8080,0.7429,96.8373,62.8531,201.8180,29
52.8908,0.4877,0.4187,0.4818,0.0000,0.0000,0.0800,1.1586,3.1631,-51.4886,35.0609,242.0244,30
53.4899,0.4916,0.4325,0.5087,0.0000,0.0000,0.3918,1.3798,2.6811,31.1813,22.1211,-48.2032,30
54.2123,0.4887,0.4422,0.5297,0.0000,0.0000,-0.2901,0.9681,2.0996,-68.1877,-41.1639,-58.1548,31
54.8107,0.5141,0.4482,0.5390,0.0000,0.0000,2.5385,0.6074,0.9300,282.8607,-36.0754,-116.9521,31
55.4090,0.5579,0.4482,0.5486,0.0000,0.0000,4.3771,-0.0075,0.9671,183.8523,-61.4864,3.7038,31
56.0081,0.5382,0.4565,0.5660,0.0000,0.0000,-1.9683,0.8339,1.7396,-634.5344,84.1326,77.2530,32
56.6111,0.5371,0.4698,0.5805,0.0000,0.0000,-0.1118,1.3294,1.4453,185.6482,49.5571,-29.4298,32
57.2116,0.5774,0.4747,0.5814,0.0000,0.0000,4.0280,0.4903,0.0963,413.9811,-83.9147,-134.9032,32
57.8124,0.6015,0.4818,0.5896,0.0000,0.0000,2.4089,0.7050,0.8125,-161.9142,21.4714,71.6215,33
58.4123,0.5985,0.4843,0.5949,0.0000,0.0000,-0.3009,0.2510,0.5314,-270.9806,-45.3991,-28.1054,33
59.0693,0.6245,0.4837,0.5972,0.0000,0.0000,2.6000,-0.0598,0.2286,290.0922,-31.0811,-30.2827,33
59.6689,0.6350,0.4869,0.5985,0.0000,0.0000,1.0587,0.3225,0.1370,-154.1251,38.2334,-9.1648,34
60.3293,0.6604,0.4831,0.5937,0.0000,0.0000,2.5352,-0.3789,-0.4873,147.6473,-70.1407,-62.4311,34
60.9304,0.7017,0.4852,0.6042,0.0000,0.0000,4.1288,0.2123,1.0563,159.3590,59.1210,154.3635,34
61.5303,0.6889,0.4875,0.6130,0.0000,0.0000,-1.2784,0.2238,0.8750,-540.7167,1.1495,-18.1270,35
62.1288,0.7088,0.4942,0.6200,0.0000,0.0000,1.9880,0.6775,0.7030,326.6358,45.3719,-17.2067,35
62.7285,0.7562,0.4996,0.6220,0.0000,0.0000,4.7464,0.5367,0.1953,275.8384,-14.0855,-50.7617,35
63.3295,0.7648,0.5062,0.6247,0.0000,0.0000,0.8525,0.6574,0.2742,-389.3817,12.0762,7.8839,36
63.9303,0.7848,0.5111,0.6219,0.0000,0.0000,2.0025,0.4891,-0.2822,114.9940,-16.8377,-55.6409,36
64.5888,0.8172,0.5118,0.6264,0.0000,0.0000,3.2434,0.0704,0.4521,124.0915,-41.8663,73.4359,36
65.1926,0.7831,0.5066,0.6351,0.0000,0.0000,-3.4174,-0.5148,0.8730,-666.0790,-58.5169,42.0910,37
65.7890,0.7687,0.5067,0.6346,0.0000,0.0000,-1.4362,0.0090,-0.0534,198.1229,52.3752,-92.6399,37
66.3880,0.7662,0.5060,0.6347,0.0000,0.0000,-0.2537,-0.0754,0.0113,118.2407,-8.4400,6.4689,37
66.9887,0.7436,0.5013,0.6312,0.0000,0.0000,-2.2557,-0.4695,-0.3519,-200.1971,-39.4070,-36.3249,38
67.5891,0.7748,0.5007,0.6285,0.0000,0.0000,3.1174,-0.0562,-0.2693,537.3150,41.3269,8.2654,38
68.1877,0.7709,0.4971,0.6326,0.0000,0.0000,-0.3851,-0.3606,0.4070,-350.2554,-30.4383,67.6262,39
68.8518,0.7676,0.4935,0.6303,0.0000,0.0000,-0.3284,-0.3583,-0.2310,5.6714,0.2301,-63.8038,39
69.5115,0.7712,0.4927,0.6316,0.0000,0.0000,0.3576,-0.0809,0.1332,68.6055,27.7373,36.4232,39
70.1111,0.7713,0.4931,0.6342,0.0000,0.0000,0.0094,0.0371,0.2603,-34.8234,11.8056,12.7101,40
70.7120,0.7831,0.4946,0.6340,0.0000,0.0000,1.1803,0.1517,-0.0235,117.0850,11.4551,-28.3784,40
71.3116,0.7740,0.4933,0.6337,0.0000,0.0000,-0.9104,-0.1287,-0.0263,-209.0686,-28.0380,-0.2825,41
71.9713,0.8080,0.4897,0.6269,0.0000,0.0000,3.4040,-0.3599,-0.6834,431.4399,-23.1177,-65.7099,41
72.5718,0.8312,0.4894,0.6300,0.0000,0.0000,2.3113,-0.0275,0.3193,-109.2625,33.2388,100.2669,42
73.1720,0.8019,0.4890,0.6340,0.0000,0.0000,-2.9217,-0.0455,0.3934,-523.3068,-1.8024,7.4172,42
73.7715,0.8042,0.4889,0.6321,0.0000,0.0000,0.2209,-0.0081,-0.1907,314.2583,3.7369,-58.4114,42
74.4285,0.7646,0.4896,0.6596,0.0000,0.0000,-3.9550,0.0703,2.7534,-417.5854,7.8484,294.4082,43
75.0281,0.7143,0.4934,0.6685,0.0000,0.0000,-5.0316,0.3813,0.8867,-107.6650,31.0916,-186.6710,43
75.6913,0.7642,0.5048,0.6615,0.0000,0.0000,4.9865,1.1399,-0.6950,1001.8098,75.8621,-158.1705,43
76.2909,0.7506,0.5050,0.6652,0.0000,0.0000,-1.3541,0.0217,0.3705,-634.0539,-111.8204,106.5505,44
76.8914,0.7354,0.5016,0.6670,0.0000,0.0000,-1.5196,-0.3425,0.1749,-16.5558,-36.4149,-19.5557,44
77.5487,0.7425,0.5035,0.6642,0.0000,0.0000,0.7066,0.1874,-0.2788,222.6192,52.9838,-45.3746,44
78.2085,0.7173,0.5035,0.6627,0.0000,0.0000,-2.5190,0.0061,-0.1495,-322.5541,-18.1240,12.9324,45
78.8701,0.6863,0.5033,0.6639,0.0000,0.0000,-3.0972,-0.0215,0.1226,-57.8231,-2.7674,27.2083,45
79.4726,0.6714,0.5036,0.6650,0.0000,0.0000,-1.4935,0.0245,0.1069,160.3758,4.6068,-1.5730,45
80.0719,0.6678,0.5038,0.6661,0.0000,0.0000,-0.3612,0.0206,0.1073,113.2262,-0.3958,0.0465,45
80.6712,0.6573,0.5041,0.6669,0.0000,0.0000,-1.0446,0.0333,0.0866,-68.3439,1.2779,-2.0695,46
81.2686,0.6384,0.5046,0.6675,0.0000,0.0000,-1.8879,0.0540,0.0553,-84.3298,2.0623,-3.1352,46
81.8689,0.6297,0.5051,0.6670,0.0000,0.0000,-0.8763,0.0431,-0.0439,101.1598,-1.0908,-9.9212,46
82.4683,0.6136,0.5057,0.6654,0.0000,0.0000,-1.6073,0.0609,-0.1630,-73.0991,1.7792,-11.9090,47
83.0712,0.5944,0.5049,0.6670,0.0000,0.0000,-1.9194,-0.0794,0.1542,-31.2024,-14.0256,31.7198,47
83.6711,0.5889,0.4999,0.6882,0.0000,0.0000,-0.5483,-0.5020,2.1253,137.1020,-42.2624,197.1120,47
84.3321,0.5735,0.4955,0.6622,0.0000,0.0000,-1.5392,-0.4415,-2.6008,-99.0885,6.0496,-472.6100,48
84.9283,0.5692,0.4841,0.6460,0.0000,0.0000,-0.4389,-1.1351,-1.6171,110.0278,-69.3575,98.3661,48
85.5903,0.5619,0.4783,0.6324,0.0000,0.0000,-0.7285,-0.5792,-1.3617,-28.9595,55.5918,25.5424,49
86.1925,0.5559,0.4699,0.6003,0.0000,0.0000,-0.5938,-0.8402,-3.2163,13.4772,-26.0988,-185.4604,49
86.7886,0.5549,0.4633,0.5895,0.0000,0.0000,-0.1051,-0.6624,-1.0704,48.8639,17.7801,214.5886,49
87.3919,0.5471,0.4578,0.5461,0.0000,0.0000,-0.7750,-0.5519,-4.3476,-66.9891,11.0522,-327.7152,50
87.9907,0.5409,0.4517,0.5237,0.0000,0.0000,-0.6236,-0.6033,-2.2389,15.1449,-5.1418,210.8741,50
88.5900,0.5375,0.4461,0.5164,0.0000,0.0000,-0.3366,-0.5647,-0.7295,28.6978,3.8609,150.9339,50
89.1920,0.5261,0.4448,0.5025,0.0000,0.0000,-1.1407,-0.1289,-1.3866,-80.4162,43.5814,-65.7117,51
89.7884,0.5243,0.4442,0.4985,0.0000,0.0000,-0.1845,-0.0627,-0.4053,95.6273,6.6119,98.1370,51
90.3877,0.5190,0.4415,0.5185,0.0000,0.0000,-0.5316,-0.2684,2.0049,-34.7102,-20.5675,241.0156,52
90.9908,0.5148,0.4403,0.4976,0.0000,0.0000,-0.4183,-0.1243,-2.0905,11.3255,14.4130,-409.5420,52
91.5897,0.5191,0.4404,0.4924,0.0000,0.0000,0.4286,0.0193,-0.5177,84.6916,14.3602,157.2815,52
92.1918,0.5205,0.4407,0.4949,0.0000,0.0000,0.1480,0.0259,0.2481,-28.0583,0.6583,76.5854,53
92.7909,0.5306,0.4456,0.4686,0.0000,0.0000,1.0026,0.4857,-2.6300,85.4629,45.9838,-287.8189,53
93.3922,0.5383,0.4456,0.4873,0.0000,0.0000,0.7781,0.0031,1.8659,-22.4566,-48.2681,449.5969,54
94.1126,0.5381,0.4480,0.4884,0.0000,0.0000,-0.0289,0.2418,0.1127,-80.7005,23.8755,-175.3217,54
94.7081,0.5419,0.4519,0.4962,0.0000,0.0000,0.3838,0.3913,0.7841,41.2697,14.9462,67.1384,54
95.3132,0.5401,0.4494,0.5146,0.0000,0.0000,-0.1767,-0.2492,1.8323,-56.0498,-64.0491,104.8210,55
95.9089,0.5337,0.4508,0.5168,0.0000,0.0000,-0.6418,0.1410,0.2254,-46.5041,39.0166,-160.6900,55
96.5099,0.5295,0.4497,0.5228,0.0000,0.0000,-0.4206,-0.1109,0.5971,22.1169,-25.1850,37.1742,55
97.1104,0.5208,0.4425,0.5515,0.0000,0.0000,-0.8682,-0.7231,2.8691,-44.7553,-61.2235,227.1956,56
97.7080,0.5168,0.4502,0.5459,0.0000,0.0000,-0.4061,0.7721,-0.5589,46.2079,149.5236,-342.8024,56
98.3084,0.5195,0.4494,0.5634,0.0000,0.0000,0.2696,-0.0843,1.7518,67.5690,-85.6438,231.0687,56
98.9087,0.5145,0.4476,0.5624,0.0000,0.0000,-0.4940,-0.1749,-0.1034,-76.3607,-9.0590,-185.5147,57
99.5111,0.5179,0.4493,0.5481,0.0000,0.0000,0.3335,0.1643,-1.4312,82.7509,33.9213,-132.7789,57
100.1089,0.5186,0.4433,0.5754,0.0000,0.0000,0.0786,-0.5924,2.7302,-25.4905,-75.6720,416.1387,58
100.7697,0.5111,0.4447,0.5384,0.0000,0.0000,-0.7570,0.1382,-3.6973,-83.5633,73.0586,-642.7515,58
101.3682,0.5155,0.4389,0.5678,0.0000,0.0000,0.4404,-0.5873,2.9414,119.7392,-72.5466,663.8741,58
101.9704,0.5048,0.4373,0.5676,0.0000,0.0000,-1.0626,-0.1539,-0.0193,-150.3015,43.3454,-296.0771,59
102.5708,0.5090,0.4399,0.5682,0.0000,0.0000,0.4174,0.2546,0.0612,148.0073,40.8486,8.0580,59
103.1704,0.4995,0.4326,0.6091,0.0000,0.0000,-0.9478,-0.7262,4.0854,-136.5179,-98.0851,402.4106,60
103.7722,0.4929,0.4386,0.5752,0.0000,0.0000,-0.6691,0.6010,-3.3917,27.8622,132.7225,-747.7015,60
104.3702,0.4981,0.4439,0.5792,0.0000,0.0000,0.5288,0.5241,0.4033,119.7967,-7.6923,379.4920,60
104.9684,0.4992,0.4484,0.5838,0.0000,0.0000,0.1084,0.4546,0.4591,-42.0463,-6.9511,5.5838,61
105.5720,0.4998,0.4512,0.5849,0.0000,0.0000,0.0531,0.2842,0.1161,-5.5239,-17.0356,-34.3037,61
106.1709,0.4998,0.4512,0.5849,0.0000,0.0000,0.0000,0.0000,0.0000,-5.3132,-28.4219,-11.6062,61
106.7700,0.4998,0.4512,0.5849,0.0000,0.0000,0.0000,0.0000,0.0000,0.0000,0.0000,0.0000,61
107.3705,0.4999,0.4523,0.5862,0.0000,0.0000,0.0145,0.1016,0.1216,1.4535,10.1581,12.1593,61
107.9711,0.5000,0.4533,0.5874,0.0000,0.0000,0.0129,0.1045,0.1250,-0.1615,0.2879,0.3427,62
108.5687,0.5000,0.4533,0.5874,0.0000,0.0000,0.0000,0.0000,0.0000,-1.2919,-10.4460,-12.5021,62
109.1679,0.5004,0.4589,0.5988,0.0000,0.0000,0.0347,0.5602,1.1358,3.4732,56.0170,113.5790,62
109.7678,0.5028,0.4596,0.6101,0.0000,0.0000,0.2385,0.0732,1.1287,20.3729,-48.7015,-0.7129,62
110.4322,0.5468,0.4747,0.6228,0.0000,0.0000,4.4040,1.5103,1.2759,416.5542,143.7163,14.7253,62
111.0315,0.5431,0.4971,0.6332,0.0000,0.0000,-0.3650,2.2338,1.0345,-476.9045,72.3511,-24.1446,63
111.6285,0.5772,0.4849,0.6364,0.0000,0.0000,3.4072,-1.2154,0.3250,377.2289,-344.9183,-70.9504,63
112.2290,0.5717,0.4991,0.6429,0.0000,0.0000,-0.5567,1.4228,0.6473,-396.3983,263.8105,32.2354,64
112.8280,0.5934,0.4946,0.6454,0.0000,0.0000,2.1791,-0.4517,0.2537,273.5793,-187.4408,-39.3629,64
113.4311,0.5790,0.5004,0.6527,0.0000,0.0000,-1.4480,0.5769,0.7289,-362.7097,102.8559,47.5162,65
114.0875,0.6224,0.4856,0.6530,0.0000,0.0000,4.3397,-1.4785,0.0257,578.7784,-205.5404,-70.3102,65
114.6885,0.6141,0.5111,0.6572,0.0000,0.0000,-0.8299,2.5522,0.4231,-516.9606,403.0669,39.7378,66
115.3517,0.6392,0.5155,0.6651,0.0000,0.0000,2.5145,0.4318,0.7863,334.4333,-212.0390,36.3141,66
115.9518,0.6101,0.5325,0.6733,0.0000,0.0000,-2.9121,1.7058,0.8226,-542.6592,127.4025,3.6287,67
116.5515,0.6323,0.5155,0.6702,0.0000,0.0000,2.2190,-1.6971,-0.3073,513.1144,-340.2919,-112.9878,67
117.1511,0.6123,0.5222,0.6747,0.0000,0.0000,-1.9949,0.6694,0.4476,-421.3953,236.6567,75.4946,68
117.8101,0.6533,0.4926,0.6748,0.0000,0.0000,4.0939,-2.9652,0.0071,608.8793,-363.4635,-44.0526,68
118.4104,0.6373,0.5069,0.6775,0.0000,0.0000,-1.5974,1.4295,0.2740,-569.1237,439.4680,26.6880,69
119.0106,0.6649,0.4977,0.6714,0.0000,0.0000,2.7561,-0.9148,-0.6079,435.3494,-234.4296,-88.1839,69
119.6120,0.6351,0.5194,0.6728,0.0000,0.0000,-2.9759,2.1690,0.1406,-573.2012,308.3795,74.8503,70
120.2123,0.6511,0.5211,0.6683,0.0000,0.0000,1.5988,0.1696,-0.4511,457.4692,-199.9366,-59.1731,70
120.8108,0.6448,0.5406,0.6858,0.0000,0.0000,-0.6239,1.9494,1.7497,-222.2669,177.9741,220.0764,71
121.4117,0.6181,0.5180,0.6841,0.0000,0.0000,-2.6743,-2.2583,-0.1692,-205.0430,-420.7647,-191.8906,71
122.0109,0.6513,0.5296,0.6949,0.0000,0.0000,3.3160,1.1528,1.0772,599.0267,341.1078,124.6399,71
122.6083,0.6147,0.5028,0.6934,0.0000,0.0000,-3.6594,-2.6737,-0.1524,-697.5323,-382.6529,-122.9602,72
123.2111,0.6651,0.4966,0.6972,0.0000,0.0000,5.0479,-0.6193,0.3850,870.7285,205.4462,53.7443,72
123.8081,0.6345,0.5110,0.7041,0.0000,0.0000,-3.0681,1.4371,0.6849,-811.6007,205.6319,29.9919,73
124.4091,0.6627,0.4890,0.6988,0.0000,0.0000,2.8194,-2.2015,-0.5310,588.7431,-363.8568,-121.5971,73
125.0089,0.6335,0.5048,0.7044,0.0000,0.0000,-2.9164,1.5849,0.5603,-573.5779,378.6397,109.1349,74
125.6710,0.6318,0.5025,0.7012,0.0000,0.0000,-0.1668,-0.2378,-0.3158,274.9652,-182.2674,-87.6063,74
126.2692,0.6153,0.5146,0.7036,0.0000,0.0000,-1.6484,1.2157,0.2363,-148.1581,145.3459,55.2070,75
126.8691,0.6083,0.4903,0.6922,0.0000,0.0000,-0.7066,-2.4315,-1.1361,94.1795,-364.7122,-137.2403,75
127.4673,0.6355,0.5059,0.6960,0.0000,0.0000,2.7228,1.5637,0.3808,342.9335,399.5204,151.6908,75
128.0690,0.6105,0.4913,0.6884,0.0000,0.0000,-2.5000,-1.4668,-0.7596,-522.2786,-303.0577,-114.0386,76
128.6706,0.6375,0.5000,0.6973,0.0000,0.0000,2.7025,0.8772,0.8900,520.2496,234.4006,164.9535,76
129.2705,0.6054,0.4969,0.6991,0.0000,0.0000,-3.2164,-0.3183,0.1790,-591.8903,-119.5502,-71.0970,77
129.9292,0.6450,0.5048,0.6995,0.0000,0.0000,3.9647,0.7904,0.0355,718.1115,110.8724,-14.3474,77
130.5277,0.6171,0.5119,0.7003,0.0000,0.0000,-2.7888,0.7165,0.0871,-675.3540,-7.3850,5.1582,78
131.1292,0.6387,0.5195,0.7043,0.0000,0.0000,2.1599,0.7581,0.3943,494.8777,4.1544,30.7149,78
131.7280,0.6150,0.5253,0.7041,0.0000,0.0000,-2.3688,0.5765,-0.0215,-452.8713,-18.1556,-41.5760,79
132.3280,0.6397,0.5054,0.7011,0.0000,0.0000,2.4663,-1.9843,-0.2945,483.5111,-256.0884,-27.3025,79
132.9902,0.6167,0.5101,0.7060,0.0000,0.0000,-2.2962,0.4668,0.4879,-476.2549,245.1116,78.2436,80
133.5888,0.6360,0.5068,0.6997,0.0000,0.0000,1.9257,-0.3273,-0.6287,422.1874,-79.4119,-111.6627,80
134.1878,0.6157,0.5247,0.7030,0.0000,0.0000,-2.0276,1.7882,0.3243,-395.3284,211.5518,95.3025,81
134.8488,0.6257,0.5107,0.6985,0.0000,0.0000,0.9951,-1.3975,-0.4431,302.2719,-318.5677,-76.7380,81
135.4515,0.6228,0.5174,0.7037,0.0000,0.0000,-0.2885,0.6708,0.5143,-128.3616,206.8263,95.7328,82
136.0516,0.5960,0.4921,0.6964,0.0000,0.0000,-2.6744,-2.5287,-0.7300,-238.5914,-319.9485,-124.4223,82
136.6498,0.6268,0.4994,0.6983,0.0000,0.0000,3.0736,0.7261,0.1909,574.8010,325.4786,92.0844,82
137.2483,0.6053,0.5017,0.6986,0.0000,0.0000,-2.1463,0.2297,0.0292,-521.9918,-49.6361,-16.1719,83
137.8481,0.6220,0.4828,0.6965,0.0000,0.0000,1.6716,-1.8947,-0.2036,381.7916,-212.4435,-23.2774,83
138.4476,0.6025,0.4877,0.7036,0.0000,0.0000,-1.9563,0.4918,0.7081,-362.7908,238.6489,91.1736,84
139.0476,0.6052,0.4748,0.7015,0.0000,0.0000,0.2763,-1.2875,-0.2151,223.2629,-177.9291,-92.3204,84
139.6499,0.6143,0.4954,0.7051,0.0000,0.0000,0.9072,2.0559,0.3636,63.0951,334.3421,57.8725,84
140.2498,0.5963,0.4793,0.7001,0.0000,0.0000,-1.8036,-1.6097,-0.4964,-271.0885,-366.5549,-86.0065,85
140.8486,0.6319,0.4857,0.7020,0.0000,0.0000,3.5657,0.6462,0.1876,536.9359,225.5842,68.3987,85
141.5080,0.6205,0.4818,0.6963,0.0000,0.0000,-1.1401,-0.3936,-0.5680,-470.5829,-103.9764,-75.5537,86
142.1097,0.6545,0.4534,0.6896,0.0000,0.0000,3.3958,-2.8347,-0.6733,453.5932,-244.1120,-10.5363,86
142.7074,0.6400,0.4602,0.6910,0.0000,0.0000,-1.4459,0.6774,0.1446,-484.1727,351.2153,81.7895,87
143.3079,0.6429,0.4481,0.6864,0.0000,0.0000,0.2903,-1.2135,-0.4599,173.6224,-189.0895,-60.4469,87
143.9114,0.6267,0.4769,0.6908,0.0000,0.0000,-1.6238,2.8802,0.4316,-191.4096,409.3618,89.1560,88
144.5105,0.6047,0.4637,0.6834,0.0000,0.0000,-2.2011,-1.3141,-0.7321,-57.7319,-419.4260,-116.3733,88
145.1111,0.6314,0.4766,0.6828,0.0000,0.0000,2.6713,1.2872,-0.0674,487.2423,260.1299,66.4669,88
145.7074,0.6038,0.5024,0.6834,0.0000,0.0000,-2.7566,2.5743,0.0674,-542.7969,128.7100,13.4861,89
146.3087,0.5882,0.5063,0.6812,0.0000,0.0000,-1.5638,0.3955,-0.2233,119.2796,-217.8779,-29.0757,89
146.9106,0.5840,0.5079,0.6759,0.0000,0.0000,-0.4157,0.1609,-0.5267,114.8188,-23.4592,-30.3376,89
